Feature ID	Taxon	Consensus
0142133b7cd44e90f92ce01461117ad4	Unassigned	1.0
0164d4621deda45e1feb697c6bcdaea6	k__Fungi;p__Ascomycota;c__Eurotiomycetes;o__Eurotiales;f__Aspergillaceae;g__Penicillium	0.769
02763345ad0e7e865da8dc22f719d590	k__Fungi;p__Basidiomycota;c__Agaricomycetes;o__Polyporales;f__Phanerochaetaceae;g__Porostereum	0.7
02bc8061bb8edb9f491dea1b0938c437	Unassigned	1.0
049693491b5dd32071ad9e650fa2ab05	Unassigned	1.0
04d07f5327076f0a3e067fd12641923f	k__Fungi;p__Ascomycota;c__Eurotiomycetes;o__Eurotiales;f__Aspergillaceae;g__Aspergillus	0.692
05bec8d7faca11dbdf1f80042758ca37	Unassigned	1.0
0625c96aac11a1a01be148964c72ae17	k__Fungi;p__Ascomycota;c__Sordariomycetes;o__Hypocreales;f__Nectriaceae;g__Fusarium	0.583
0639c05dc03499f38b2ad5ecd581201f	k__Fungi;p__Ascomycota;c__Eurotiomycetes;o__Eurotiales;f__Aspergillaceae;g__Penicillium	0.769
07e1b5969cb19f49532236d5fc1f32cd	k__Fungi;p__Ascomycota;c__Sordariomycetes;o__Hypocreales;f__Nectriaceae;g__Fusarium	0.583
08a40b8c4d5d286dbca397f68ede25c3	Unassigned	1.0
08e34d0f158e35a6dce2badc888b8aa3	Unassigned	1.0
0907a152842d16037a4433f72d7b4c22	k__Fungi;p__Basidiomycota;c__Agaricomycetes;o__Polyporales	0.667
0908250414f26d371df33158b4ab7302	Unassigned	1.0
099a6b972085d18212e97e2b2be5f3ef	k__Fungi;p__Basidiomycota;c__Agaricomycetes;o__Polyporales;f__Polyporaceae;g__Trametes	0.636
09a377d7f92fca4beb45d0fd3aaf171f	k__Fungi;p__Basidiomycota;c__Agaricomycetes;o__Polyporales;f__Polyporaceae;g__Trametes	0.636
09d39bd67427dd3d2f3a2969623c73c2	Unassigned	1.0
09de1f1a8324908ae473c13e83b9975e	Unassigned	1.0
0b325d6d0bf1b9e4e6e9d153bccaf0bc	k__Fungi;p__Ascomycota;c__Sordariomycetes;o__Hypocreales;f__Nectriaceae;g__Fusarium	0.818
0b73d9b0696287208365012eb734df9e	k__Fungi;p__Basidiomycota;c__Microbotryomycetes;o__Leucosporidiales;f__Leucosporidiaceae;g__Leucosporidium	0.9
0b8d4e0471513c24758aacf10be66a47	k__Fungi;p__Basidiomycota;c__Microbotryomycetes;o__Leucosporidiales;f__Leucosporidiaceae;g__Leucosporidium	1.0
0bd8d1393959d75f5889a5856be1ee0b	Unassigned	1.0
0e2814bb8c221be610022843b825d016	Unassigned	1.0
10bdd8ed5feae8fe36d1f551c911fa7c	Unassigned	1.0
1149acd6d97422d2c0b3ee96121e9391	Unassigned	1.0
11c687ed16f0b0e0fb4d91eccf820e5c	Unassigned	1.0
1210804c4f2e3929883991cee531926d	Unassigned	1.0
1442da38c05793c2a76b0fe6354e5719	k__Fungi;p__Ascomycota;c__Sordariomycetes;o__Hypocreales	1.0
1496d757f3e5b6d66914567ae595e648	k__Fungi;p__Basidiomycota;c__Agaricomycetes;o__Agaricales;f__Psathyrellaceae	0.9
14b30b3fd7f0d90d7d701bc069d86641	Unassigned	1.0
1580a2106cb908dee8ee13831832f37d	k__Fungi;p__Ascomycota;c__Eurotiomycetes;o__Eurotiales;f__Aspergillaceae;g__Penicillium	0.846
163a1b628a8eeef5f06664cf44f6e37b	k__Fungi;p__Ascomycota;c__Dothideomycetes;o__Pleosporales;f__Pleosporaceae	1.0
168352f836e8f1480290cc95de3b7902	Unassigned	1.0
1919c6cf106dc7c4faef7c184c3854ff	Unassigned	1.0
192940ccc2e4332234ec76f814f161b5	Unassigned	1.0
198ae1c75a0a137f6a7709698d528c26	k__Fungi;p__Ascomycota;c__Eurotiomycetes;o__Eurotiales;f__Aspergillaceae;g__Penicillium	0.846
1bf747ee138253c076b762233c45cef2	k__Fungi;p__Ascomycota;c__Dothideomycetes;o__Capnodiales;f__Cladosporiaceae;g__Cladosporium	0.667
1c0d1952f76479f15077763c9c13c5fc	k__Fungi;p__Mortierellomycota;c__Mortierellomycetes;o__Mortierellales;f__Mortierellaceae;g__Mortierella	0.636
1c1e5ee65bbe59bd09356f27fdc7c3e8	k__Fungi;p__Ascomycota;c__Eurotiomycetes;o__Eurotiales;f__Aspergillaceae;g__Penicillium	0.846
1cc5a546345a4c5613315413abb0402a	Unassigned	1.0
1fd87ad96aa5747b2f39bd49bc60f504	k__Fungi;p__Ascomycota;c__Sordariomycetes;o__Hypocreales;f__Nectriaceae;g__Fusarium	0.583
1fdfbfdcc2a88f46aca8c395619d7390	k__Fungi;p__Basidiomycota;c__Tremellomycetes;o__Tremellales	1.0
203b3902a91a51afe8507e3cf7ee11e4	k__Fungi;p__Ascomycota;c__Dothideomycetes;o__Pleosporales;f__Pleosporaceae;g__Alternaria	1.0
20480e63da424a5df1313d919a7d216e	k__Fungi;p__Ascomycota;c__Eurotiomycetes;o__Eurotiales;f__Aspergillaceae;g__Penicillium	0.692
206092f2b843771a0438c19facfc657c	Unassigned	1.0
21bfc8fb922eff1b83e5cb0dd9fda191	Unassigned	1.0
22a0f714f678b99b996a0b312750dbc8	Unassigned	1.0
22b7da042c86e1182ccdf0475b19dfed	Unassigned	1.0
2357747b7f3631b1ccfea112fc870d7b	k__Fungi;p__Ascomycota;c__Eurotiomycetes;o__Eurotiales;f__Aspergillaceae;g__Penicillium	0.846
2433e46b819915bd69347a1445950b6f	k__Fungi;p__Ascomycota;c__Eurotiomycetes;o__Eurotiales;f__Aspergillaceae;g__Penicillium	0.846
2443b2d168474725482cff2c03c4da10	Unassigned	1.0
2493b3f66aed04dbb74a5a3b3adba20b	k__Fungi;p__Ascomycota;c__Eurotiomycetes;o__Eurotiales;f__Aspergillaceae;g__Penicillium	0.846
2506a91ba2104d96e3441deb25ca508d	Unassigned	1.0
253b6f92d42e02044473a45a7aa2a2d5	k__Fungi;p__Basidiomycota;c__Cystobasidiomycetes;o__Cystobasidiales;f__Cystobasidiaceae;g__Occultifur	0.6
257c2024303fb301dc379f06b9d1b930	Unassigned	1.0
262552dc59b1d9ce8d52d0327ad85c78	Unassigned	1.0
2674049097d491f86258fdad000c987b	Unassigned	1.0
26bbef6564cb8670218e518a67f18a5f	k__Fungi;p__Ascomycota;c__Dothideomycetes;o__Pleosporales;f__Pleosporaceae	1.0
286f773c65d758fbef3286f913c4ea8c	Unassigned	1.0
2980e520784142906eadc2bfd5ba6bfa	k__Fungi;p__Ascomycota;c__Sordariomycetes;o__Glomerellales;f__Plectosphaerellaceae	0.8
298ad09f61d374a8ead456ae5efd77fb	k__Fungi;p__Ascomycota;c__Eurotiomycetes;o__Eurotiales;f__Aspergillaceae;g__Penicillium	0.846
2b06ed59e7d117379f0823d8881ce96a	Unassigned	1.0
2d39d55800b218a792875b89fa164f1b	k__Fungi;p__Ascomycota;c__Sordariomycetes;o__Hypocreales;f__Nectriaceae;g__Fusarium;s__Fusarium_oxysporum	0.545
2d414a758912e97eeae84e25d6c94b49	k__Fungi;p__Ascomycota;c__Eurotiomycetes;o__Eurotiales;f__Aspergillaceae;g__Penicillium	0.769
2f317c14f0cd978fa6a950dfdf0f25d9	Unassigned	1.0
2fcd0ed5a4b4e26b69173b57a35db214	Unassigned	1.0
303b4a159c7e5ce1f0058f67215c0571	k__Fungi;p__Basidiomycota;c__Agaricostilbomycetes;o__Agaricostilbales;f__Agaricostilbaceae;g__Sterigmatomyces	0.667
31b8045d1de69eb4bd7f7a6dde25e4dc	Unassigned	1.0
31c55fc0bac220c2c5d92a18fc2fbaf9	Unassigned	1.0
32a95b2d51a7f7843d140d2b20ed581d	Unassigned	1.0
33fb0efa74acd3441b431c2b35640342	Unassigned	1.0
340c01f70341f33c55d224dc7aabd1ec	k__Fungi;p__Basidiomycota;c__Agaricomycetes;o__Hymenochaetales;f__Schizoporaceae;g__Xylodon	0.9
35514e2b6586517eaf42f1c5adb72db3	k__Fungi;p__Basidiomycota;c__Agaricomycetes;o__Agaricales;f__Psathyrellaceae;g__Psathyrella	0.6
35e9a21e17e3bd6787ed07fc3803c2a6	Unassigned	1.0
36614fd4e4e256434ca96847bba4058a	k__Fungi;p__Ascomycota;c__Dothideomycetes;o__Pleosporales;f__Montagnulaceae;g__Staurosphaeria;s__Staurosphaeria_lycii;sh__SH1292900.09FU	1.0
36c2da75fe6221b734d43bb4983b6d4a	Unassigned	1.0
38df81b4ea899970cbfbef18ac662db1	k__Fungi;p__Ascomycota;c__Dothideomycetes;o__Capnodiales;f__Cladosporiaceae;g__Cladosporium	0.571
38fb2ce25f0f14e4240438fe982ed5c7	k__Fungi;p__Ascomycota;c__Saccharomycetes;o__Saccharomycetales;f__Debaryomycetaceae;g__Meyerozyma	0.8
391ac22c452f66f80030ca0589fc9fa0	k__Fungi;p__Ascomycota;c__Sordariomycetes;o__Glomerellales;f__Plectosphaerellaceae	0.8
3acbccd794bf9cd4910755bd967e2991	k__Fungi;p__Ascomycota;c__Dothideomycetes;o__Pleosporales;f__Pleosporaceae;g__Alternaria	0.9
3ad091b559bfa5ce5150b8c3261d2baa	Unassigned	1.0
3bcaedd140376998dc7aedbfa9e45ebd	k__Fungi;p__Ascomycota;c__Eurotiomycetes;o__Eurotiales;f__Aspergillaceae;g__Aspergillus	0.692
3bd7172eb19d6ad1238d3e602e1d365e	k__Fungi;p__Basidiomycota;c__Tremellomycetes;o__Tremellales;f__Rhynchogastremataceae;g__Papiliotrema	0.9
3c26792b67d8f65c07aa463454b3a7a9	Unassigned	1.0
3c3a9ead1c279ec954bb1894c32e6e8c	k__Fungi;p__Ascomycota;c__Sordariomycetes;o__Hypocreales;f__Ophiocordycipitaceae	0.8
3c5d08aae1864d0a896d0cff61f8af18	k__Fungi;p__Ascomycota;c__Sordariomycetes;o__Hypocreales;f__Nectriaceae;g__Fusarium	0.75
3d324b91b425951ffd15f933e37cc4cf	k__Fungi;p__Ascomycota;c__Eurotiomycetes;o__Eurotiales;f__Aspergillaceae;g__Penicillium	0.846
3eedc5959ad2295bdad3cf3c04ca2125	Unassigned	1.0
3fa905ae1a19ea0876d2a265ebb135d1	k__Fungi;p__Ascomycota;c__Eurotiomycetes;o__Eurotiales;f__Aspergillaceae;g__Penicillium	0.615
40a2ef5134d7312361b3a0b60c9da091	k__Fungi;p__Ascomycota;c__Dothideomycetes;o__Pleosporales;f__Pleosporaceae;g__Stemphylium	1.0
413a930ce5359c3fa5d428848cbee37c	k__Fungi;p__Basidiomycota;c__Wallemiomycetes;o__Wallemiales;f__Wallemiaceae;g__Wallemia	1.0
415f7df7c321e0d5a3d37fb5ed9ccd3e	Unassigned	1.0
42e95217515b102e9e81acb1a1b90dc2	k__Fungi;p__Basidiomycota;c__Microbotryomycetes;o__Microbotryomycetes_ord_Incertae_sedis;f__Chrysozymaceae;g__Sampaiozyma	0.6
43a5d40012d610f69e5de0563cd2849e	Unassigned	1.0
445b26a6248ba0b45d991d958550476f	Unassigned	1.0
44b58582c538892b0d3ed504299b6890	k__Fungi;p__Ascomycota;c__Saccharomycetes;o__Saccharomycetales;f__Trichomonascaceae	0.6
44ff15ffeb1646a0bb60c850ef45970a	k__Fungi;p__Ascomycota;c__Sordariomycetes;o__Hypocreales;f__Nectriaceae;g__Fusarium	0.75
4784c4a7c21bb4454a67ee13b4b30758	k__Fungi;p__Ascomycota;c__Sordariomycetes;o__Hypocreales;f__Nectriaceae;g__Fusarium;s__Fusarium_oxysporum	0.545
47baa44c9f9312a4bf4faf23c6592e57	Unassigned	1.0
47be9fb1a47621978333d7990e2062bf	Unassigned	1.0
486c7a80426931b79dc06a49d69ca1dd	k__Fungi;p__Ascomycota;c__Eurotiomycetes;o__Eurotiales;f__Aspergillaceae;g__Penicillium	0.846
4a919b70437d9acd70ab133139690ec1	k__Fungi;p__Ascomycota;c__Eurotiomycetes;o__Eurotiales;f__Aspergillaceae;g__Penicillium	0.846
4b998f7c926a428ac53b677e808b418a	k__Fungi;p__Ascomycota;c__Dothideomycetes;o__Capnodiales;f__Cladosporiaceae;g__Cladosporium	0.667
4c75d454830846284fe7be36b696899f	Unassigned	1.0
4df8976540ecfc9b467f21ca1642ed79	Unassigned	1.0
4e1f492ae56a2dea1c83e2352d9c7fec	Unassigned	1.0
4e7fdec11dbb059424743d5949ab8793	Unassigned	1.0
4f56613b78f209e958451e5c8aac462f	Unassigned	1.0
4f6d7b179667dca74ed564e382846a4e	k__Fungi;p__Ascomycota;c__Eurotiomycetes;o__Eurotiales;f__Aspergillaceae;g__Penicillium	0.846
51168e4cfa87c922f4d468e421edc15c	k__Fungi;p__Ascomycota;c__Saccharomycetes;o__Saccharomycetales;f__Trichomonascaceae;g__Trichomonascus;s__Trichomonascus_apis;sh__SH1097968.09FU	1.0
514734786c9af1e8dea844e1675b5f04	Unassigned	1.0
524065d143eaa1fc0455b24d8977e9ba	k__Fungi;p__Ascomycota;c__Eurotiomycetes;o__Eurotiales;f__Aspergillaceae;g__Penicillium	0.846
543a3cb268c1c00d97e8749ebf70b4a0	k__Fungi;p__Ascomycota;c__Saccharomycetes;o__Saccharomycetales;f__Debaryomycetaceae;g__Debaryomyces	1.0
55f234c85a792bfcd6abfab877cb886a	Unassigned	1.0
55fbadd22cfed1d852f5ce9e8c2be0a9	Unassigned	1.0
576383eddf1243bc40ef7632146e7441	k__Fungi;p__Fungi_phy_Incertae_sedis;c__Fungi_cls_Incertae_sedis;o__Fungi_ord_Incertae_sedis;f__Fungi_fam_Incertae_sedis;g__Fungi_gen_Incertae_sedis;s__Fungi_sp	0.667
58068e4e5f529d16fada2794e3141838	k__Fungi;p__Basidiomycota;c__Agaricomycetes;o__Polyporales;f__Meruliaceae;g__Scopuloides;s__Scopuloides_sp	0.7
589a24b5a47dcdf5f6b41097120b3fe4	Unassigned	1.0
59334fc370df4824e9c244428fa2126a	k__Fungi;p__Ascomycota;c__Sordariomycetes;o__Xylariales;f__Diatrypaceae	0.9
5a79095857613e8c0d1863d44ce03826	k__Fungi;p__Ascomycota;c__Sordariomycetes;o__Glomerellales;f__Plectosphaerellaceae	0.727
5a8a907a988b0750cad40af675d70221	Unassigned	1.0
5b3851894fd0b902beea6bea3a182ed4	Unassigned	1.0
5b6c84e6372e01c4cda7097aeede1a15	Unassigned	1.0
5bf1ac7791505c237e6b6fb167057104	Unassigned	1.0
5ca8a0bd0e4574380801d9127f137a9d	k__Fungi;p__Basidiomycota;c__Wallemiomycetes;o__Wallemiales;f__Wallemiaceae;g__Wallemia	1.0
5cf5144356ab2ce7182b30bdeb0de4de	Unassigned	1.0
5de7fa94552fa28749771603601ef008	Unassigned	1.0
5f55eac87a1a5c2248b6b558782136bf	k__Fungi;p__Basidiomycota;c__Agaricomycetes;o__Agaricales;f__Inocybaceae;g__Inocybe;s__Inocybe_sp;sh__SH0242972.09FU	1.0
5f5dd3ac1294b684522d6fdd83b39195	k__Fungi;p__Basidiomycota;c__Agaricomycetes;o__Hymenochaetales;f__Schizoporaceae;g__Oxyporus	0.6
5fbaebd322b16d7e766461a4e90adf67	Unassigned	1.0
6010f40197fddaf62b3a088ffc998e83	k__Fungi;p__Ascomycota;c__Dothideomycetes;o__Pleosporales;f__Didymosphaeriaceae	0.545
61dc88bb397b92033ec1e58f2c45ac34	Unassigned	1.0
626df6199350c0670bbc9368597b32aa	k__Fungi;p__Ascomycota;c__Eurotiomycetes;o__Eurotiales;f__Aspergillaceae;g__Penicillium	0.846
63ee623ba8b07d86bb57d302cb882f82	k__Fungi;p__Ascomycota;c__Sordariomycetes;o__Hypocreales;f__Nectriaceae;g__Fusarium	0.583
6492c1e8c17b13074da774f3718f97ea	k__Fungi;p__Basidiomycota;c__Agaricomycetes;o__Trechisporales;f__Hydnodontaceae;g__Hydnodontaceae_gen_Incertae_sedis;s__Hydnodontaceae_sp	0.8
6592b0438a00964f23900c9a51aade66	Unassigned	1.0
65a0f8996b02f73a5036a8d31506a964	Unassigned	1.0
663fcd1ce092e471b363c172321e486f	Unassigned	1.0
6700bdee31532ebfca2d3a3654bd50d6	Unassigned	1.0
6770869e9efd5d7c5ea8b2fbce0099a4	Unassigned	1.0
67bacd658a4950051428aa123a6086c9	Unassigned	1.0
67cec06edd8defe494a2ceeed11a4431	Unassigned	1.0
6809a6a82cd7c71398115a4324533c32	k__Fungi;p__Ascomycota;c__Eurotiomycetes;o__Eurotiales;f__Aspergillaceae;g__Penicillium	0.846
69bf1af125d2562ed47fb344bba9a529	k__Fungi;p__Ascomycota;c__Eurotiomycetes;o__Eurotiales;f__Aspergillaceae;g__Penicillium	0.846
6a3467e9c08ad578ee0915fc11f4901c	k__Fungi;p__Ascomycota;c__Saccharomycetes;o__Saccharomycetales;f__Trichomonascaceae;g__Trichomonascus;s__Trichomonascus_apis;sh__SH1097968.09FU	1.0
6a61734d58356f8b757a56369d991ad8	Unassigned	1.0
6a7b31c30624c8ebeb09337714364eef	k__Fungi;p__Basidiomycota;c__Microbotryomycetes;o__Microbotryomycetes_ord_Incertae_sedis;f__Chrysozymaceae;g__Sampaiozyma	0.6
6bde6836b3b839debc146082811eaca2	k__Fungi;p__Ascomycota;c__Dothideomycetes;o__Capnodiales;f__Cladosporiaceae;g__Cladosporium	0.667
6c81a818917f77950d1b2db8ca8306c6	k__Fungi;p__Basidiomycota;c__Cystobasidiomycetes;o__Cystobasidiales;f__Cystobasidiaceae;g__Cystobasidium	1.0
6cd2cb82d8863350df2eedf39a0a4d56	Unassigned	1.0
6f10d5186067911770764ff8b85f61fc	k__Fungi;p__Basidiomycota;c__Tremellomycetes;o__Cystofilobasidiales;f__Cystofilobasidiaceae;g__Cystofilobasidium	1.0
72bf4d4c01f0d4a950eb248c172739b4	k__Fungi;p__Ascomycota;c__Dothideomycetes;o__Pleosporales;f__Pleosporaceae	1.0
738e264c157fe3c3db6c4dde7aa6a74a	Unassigned	1.0
741fd663d862f3b11db4b6274fe45ca5	Unassigned	1.0
74e5a68e40f42f670305644e16230d06	k__Fungi;p__Basidiomycota;c__Wallemiomycetes;o__Wallemiales;f__Wallemiaceae;g__Wallemia	1.0
785becd4d7c2d53a4814297123e31308	Unassigned	1.0
797d1182ed1f85d325d743816071e716	Unassigned	1.0
79dcedcaa133723f6d8f2adaf8844bb4	k__Fungi;p__Ascomycota;c__Eurotiomycetes;o__Eurotiales;f__Aspergillaceae;g__Penicillium	0.846
7abd67ad2c5997d210deab4eeaefee46	Unassigned	1.0
7b0b4432de84c74b844808b941d6d8b9	Unassigned	1.0
7bc3baf29044ea8c3d9378e88ec12b0d	k__Fungi;p__Ascomycota;c__Eurotiomycetes;o__Eurotiales;f__Aspergillaceae;g__Penicillium	0.769
7cb52ba27e68fcb345adc2c3b51563b4	k__Fungi;p__Basidiomycota;c__Tremellomycetes;o__Tremellales;f__Rhynchogastremataceae;g__Papiliotrema	0.6
7d02d8ce8445bdb61b5d6414a9cc225b	Unassigned	1.0
7dfd3f7e3d739dc5680dc69363fd8b74	k__Fungi;p__Basidiomycota;c__Wallemiomycetes;o__Wallemiales;f__Wallemiaceae;g__Wallemia	1.0
7e0b6ec4372c965103b5d55e19b78e10	Unassigned	1.0
7f18333d7c9d892244fc6f6dccb8bd92	k__Fungi;p__Ascomycota;c__Eurotiomycetes;o__Eurotiales;f__Aspergillaceae;g__Penicillium	0.846
818667f8a2f5bd01819470f86ba6c827	k__Fungi;p__Basidiomycota;c__Agaricomycetes;o__Agaricales;f__Inocybaceae;g__Inocybe;s__Inocybe_sp;sh__SH0242972.09FU	1.0
83fbe65a62a0039019ae7519c41b0d6e	Unassigned	1.0
84000b2dca5c281687a0c4e775766d3e	Unassigned	1.0
846b8d7bfd7136bbf82d62fa65482453	k__Fungi;p__Ascomycota;c__Dothideomycetes;o__Pleosporales;f__Didymellaceae	0.9
853df6de247666aa16424e9b9192a46c	Unassigned	1.0
85a5211f64531ddd1f9b65cb5c29803b	k__Fungi;p__Ascomycota;c__Sordariomycetes;o__Hypocreales;f__Nectriaceae;g__Fusarium;s__Fusarium_oxysporum	0.545
8641131ea8523e64e931d200d2b7d284	Unassigned	1.0
87c764acc8036f271c02369d1d9cefda	k__Fungi;p__Ascomycota;c__Sordariomycetes;o__Hypocreales;f__Nectriaceae;g__Fusarium;s__Fusarium_oxysporum	0.545
88215d9cb7a40160bd9e864a0415a686	k__Fungi;p__Ascomycota;c__Eurotiomycetes;o__Eurotiales;f__Aspergillaceae;g__Penicillium	0.846
8861b785d7951c3acc9b1be613206289	Unassigned	1.0
88a00dc445cfe0b0893389bd3a7738a2	Unassigned	1.0
8a75f70a26ce618b34751987f0f20eb6	k__Fungi;p__Ascomycota	0.667
8ae5dae3d4743ae12259a4e845f62805	Unassigned	1.0
8c1bca783b39500dc6bc06dd6939b8e8	Unassigned	1.0
8d726c29597c5e0e7dd0d68c305d4a4f	Unassigned	1.0
8dce4ab2f380ecfcc8c41a58eedfbaa5	Unassigned	1.0
8eb29131d1735ee3aa3ba4b378f0bb11	k__Fungi;p__Basidiomycota;c__Microbotryomycetes;o__Sporidiobolales;f__Sporidiobolaceae;g__Rhodotorula	0.9
8ed99f248b70905217288433d070690d	k__Fungi;p__Ascomycota;c__Dothideomycetes;o__Pleosporales;f__Montagnulaceae;g__Staurosphaeria;s__Staurosphaeria_lycii;sh__SH1292900.09FU	1.0
9119e810f0f5412d444ed6c265d9c403	k__Fungi;p__Ascomycota;c__Saccharomycetes;o__Saccharomycetales;f__Debaryomycetaceae;g__Debaryomyces	1.0
930c4e74fbab0b7b9d8b860ad51611f4	k__Fungi;p__Ascomycota;c__Dothideomycetes;o__Pleosporales;f__Pleosporaceae;g__Stemphylium	1.0
93c83fd0a1c657406d180244633c5791	Unassigned	1.0
93e1ce8364368d551aab61341a2004e5	k__Fungi;p__Ascomycota;c__Eurotiomycetes;o__Eurotiales;f__Aspergillaceae;g__Penicillium	0.846
95d6b3fe710b7289db323fb874191674	Unassigned	1.0
965e9f141c94aee7924fe8cc5022aa79	Unassigned	1.0
96820c64f79c7250d0fdb89899cd8c7c	k__Fungi;p__Ascomycota;c__Sordariomycetes;o__Xylariales;f__Xylariales_fam_Incertae_sedis;g__Xylariales_gen_Incertae_sedis;s__Xylariales_sp;sh__SH1004629.09FU	1.0
9797ff86c2dea6d038e7c8d107b8fcb1	Unassigned	1.0
98065e0ce8ee290929de12c602a65f05	k__Fungi;p__Ascomycota;c__Sordariomycetes;o__Xylariales;f__Diatrypaceae	1.0
996b4c6c951b7e846e6dd56f69ce95bb	Unassigned	1.0
99e385ea1e9385aaeb7b64d94547dd72	k__Fungi;p__Basidiomycota;c__Agaricomycetes;o__Polyporales;f__Meruliaceae	0.8
9aa9761dd6b2c34d4b73872a521626ac	k__Fungi;p__Mucoromycota;c__Umbelopsidomycetes;o__Umbelopsidales;f__Umbelopsidaceae;g__Umbelopsis;s__Umbelopsis_sp	0.615
9b86450e4cb7947c30b9ff406a27ba47	Unassigned	1.0
9b88a955d2bfdf92a578c4da28cbcb05	k__Fungi;p__Basidiomycota;c__Agaricomycetes;o__Russulales;f__Peniophoraceae	0.636
9e53f57eb85bbf618190b73ef73e18b5	k__Fungi;p__Ascomycota;c__Sordariomycetes;o__Hypocreales;f__Nectriaceae;g__Fusarium	0.583
9ec49f87cf90a7a4e53eb98070cb9bc8	Unassigned	1.0
9f03afe7d7cf32e9d9c9eb981a217d34	k__Fungi;p__Ascomycota;c__Dothideomycetes;o__Capnodiales;f__Cladosporiaceae;g__Cladosporium	0.571
9f563740310781b6e47ec3fab38d224a	Unassigned	1.0
a00f24769e42e2a3993982e850a3ce5e	Unassigned	1.0
a052364892bd234e73922016817a8763	k__Fungi;p__Ascomycota;c__Eurotiomycetes;o__Eurotiales;f__Aspergillaceae;g__Penicillium	0.846
a08c95fd461db808dabd8fe951b4e3a5	Unassigned	1.0
a1ecd7f906b33878bfb635d63a56e244	Unassigned	1.0
a253658fb741b1278c9b296e6d8b3248	Unassigned	1.0
a2a3d7cbc7d869cb978d2806364972f6	Unassigned	1.0
a334b4ff3869cd22e87fe2b9acb8813b	k__Fungi;p__Basidiomycota;c__Cystobasidiomycetes;o__Cystobasidiales;f__Cystobasidiaceae;g__Cystobasidium	1.0
a3744dc6db86d233ae794e7d13fd5614	k__Fungi;p__Ascomycota;c__Dothideomycetes;o__Pleosporales;f__Pleosporaceae	1.0
a4c7426212fbc3a9a1ed9b1b2c420107	k__Fungi;p__Ascomycota;c__Sordariomycetes;o__Hypocreales;f__Nectriaceae;g__Fusarium	0.818
a57df75ab3ba8017c4edf1d166b6f59a	k__Fungi;p__Ascomycota;c__Dothideomycetes;o__Pleosporales;f__Didymellaceae	0.7
a784fe5dffa4f8ec090d5ac92a41fbae	Unassigned	1.0
a7da219338804f042788a11b2c0f2c84	Unassigned	1.0
a837c15419db7776b80696df10c102ae	k__Fungi;p__Ascomycota;c__Eurotiomycetes;o__Eurotiales;f__Aspergillaceae;g__Penicillium	0.538
a8d652be10253eb408da4d07755e9ef9	Unassigned	1.0
a8e0687f2a8e9c845676b794bc8d0110	k__Fungi;p__Ascomycota;c__Eurotiomycetes;o__Eurotiales;f__Aspergillaceae;g__Penicillium	0.692
a9fe33e6dc72fc0ae663003e16474e63	Unassigned	1.0
aa805300cb2b2a54262bef233d358308	Unassigned	1.0
ab65690c1d9824e2a8511cd63b8b4bcf	Unassigned	1.0
abc46f104cf1ae514da7606a8b574f1d	Unassigned	1.0
ac954f93640b91a998541b40c07acea8	k__Fungi;p__Basidiomycota;c__Tremellomycetes;o__Tremellales;f__Cuniculitremaceae;g__Kockovaella	0.6
ac976739762df4099b65802d0faa377d	Unassigned	1.0
aca0e5d470467853767715ecff6ec1bf	k__Fungi;p__Ascomycota;c__Saccharomycetes;o__Saccharomycetales;f__Trichomonascaceae	0.7
aca13f6f0f6bf6fd1d9e0a8fc496d821	Unassigned	1.0
aece7b9208eb48b8a11ffffbeaf3f0b5	k__Fungi;p__Ascomycota	1.0
af5a3602a44609fb3c10d799c51d89f7	Unassigned	1.0
afcd5650e4edc3f5751241de29b9a986	k__Fungi;p__Ascomycota;c__Sordariomycetes;o__Hypocreales	1.0
b05f0f4ebce0559d59d0d0e7f4c43a59	k__Fungi;p__Basidiomycota;c__Agaricomycetes;o__Polyporales	0.7
b07bcd10096c2cdf614a9a5505d753a3	Unassigned	1.0
b22016aa38981b208b71c37e6d3a4b9d	Unassigned	1.0
b2ceffc171fe8f64fa880ea5f89fbf4f	Unassigned	1.0
b3fc90754168f93ac8e26d009dc3b529	Unassigned	1.0
b6a4bbab6b11d38fce41ad5ffd74b61e	k__Fungi;p__Mucoromycota;c__Umbelopsidomycetes;o__GS23;f__GS23_fam_Incertae_sedis;g__GS23_gen_Incertae_sedis;s__GS23_sp	1.0
b6d707edbdc317da8ca5610e1301abab	k__Fungi;p__Basidiomycota;c__Agaricomycetes;o__Cantharellales;f__Ceratobasidiaceae	0.9
b6e3ef2f92d112be293a9829dc5bfdab	Unassigned	1.0
b724ddf286f3e1ffd6108981f6d60590	Unassigned	1.0
b7d35faaea7ed7621e9077bcffd9f3c0	k__Fungi;p__Ascomycota;c__Sordariomycetes;o__Hypocreales;f__Nectriaceae;g__Fusarium;s__Fusarium_oxysporum	0.6
ba89a72b898b0f77a058e27cd5b1558d	k__Fungi;p__Ascomycota;c__Dothideomycetes;o__Pleosporales;f__Pleosporaceae	1.0
bba35b355b959590eb6cc02ea2d0a90d	Unassigned	1.0
bd547fcdd887ead17b2f355a61978786	k__Fungi;p__Ascomycota;c__Eurotiomycetes;o__Eurotiales;f__Aspergillaceae;g__Penicillium	0.846
bea18d90b10ebf12f54a2aeb6f4e4ba8	k__Fungi;p__Basidiomycota;c__Cystobasidiomycetes;o__Cystobasidiales;f__Cystobasidiaceae;g__Occultifur	0.6
beabda8c271e294cee55b6f43aa7ffe9	k__Fungi;p__Ascomycota;c__Dothideomycetes;o__Dothideales;f__Dothioraceae;g__Dothioraceae_gen_Incertae_sedis;s__Dothioraceae_sp;sh__SH0202537.09FU	1.0
bfb5a5103ef1d2ac71b333951cb666a0	Unassigned	1.0
c02760f3fd0174fa5b5fb231d779ac48	k__Fungi;p__Ascomycota	0.667
c12d571950ad71396e8a66038ea3c704	Unassigned	1.0
c1ed14e485e05ef87ac82b2ce4cc6b1a	Unassigned	1.0
c2006ddb1af7b33adf2ff91de81856ad	Unassigned	1.0
c237e31c1d8f81eedb6303df2768f021	Unassigned	1.0
c2bb6c0bebb9ee6de257ecd68e48fdba	k__Fungi;p__Ascomycota;c__Eurotiomycetes;o__Eurotiales;f__Aspergillaceae;g__Penicillium	0.846
c6b1868e04a787fb14225b4f178c81fa	Unassigned	1.0
c7ae8eaf02e3f628d859336cfdece0bb	k__Fungi;p__Ascomycota;c__Sordariomycetes;o__Hypocreales;f__Nectriaceae;g__Fusarium	0.818
c8d9c56c9bc910a90816c4ea4ab8a690	Unassigned	1.0
c8f46297fad638856db9ca36fc44659b	k__Fungi;p__Ascomycota;c__Sordariomycetes;o__Xylariales;f__Diatrypaceae	0.9
c9f2c7c5cfbc09e54b364ea4ce0dfbcb	Unassigned	1.0
cb8ccaa40b715ac203335527c98aaf2d	Unassigned	1.0
cb8df0f3e7284b1c8f9e6bd649175c26	Unassigned	1.0
cdd9eb9099557044e2f1b11fa09b7419	k__Fungi;p__Ascomycota;c__Sordariomycetes;o__Hypocreales;f__Nectriaceae;g__Fusarium	0.583
ce16d873ca7dd8faf8b5b1d7c9cda935	k__Fungi;p__Basidiomycota;c__Agaricomycetes;o__Agaricales;f__Inocybaceae;g__Inocybe;s__Inocybe_sp;sh__SH0242972.09FU	1.0
ce9efadc15ff0e442ce245e356cd9e61	Unassigned	1.0
cf1eb1ffb45bfdb1c532a37dc48b23e1	Unassigned	1.0
cf23cabf0799dfbe1fbced75e6adcfa9	Unassigned	1.0
cf6706b8c739978f59139594764f4a41	k__Fungi;p__Ascomycota;c__Sordariomycetes;o__Glomerellales;f__Plectosphaerellaceae	0.636
cf9c2d4bcbd012df54c0105159046af1	Unassigned	1.0
cf9ddc6188f56abf4800a34a6dbfbada	Unassigned	1.0
d0b75d89b37d0412031aaf4375403f6c	Unassigned	1.0
d2f0b7aa54805da3bd5daa4b5b2a9dd3	k__Fungi;p__Ascomycota;c__Eurotiomycetes;o__Eurotiales;f__Aspergillaceae;g__Penicillium	0.846
d4a61c2438403efb42a9d281e80839d5	k__Fungi;p__Ascomycota;c__Dothideomycetes;o__Pleosporales;f__Pleosporaceae;g__Curvularia	1.0
d54810b00bf3d52efbea5b0e866d4312	Unassigned	1.0
d7065db48fe0e832d124074d8530dcbc	k__Fungi;p__Basidiomycota;c__Agaricomycetes;o__Boletales;f__Suillaceae;g__Suillus	1.0
d79582c95140af9e6c4b33999709cf78	Unassigned	1.0
d7cb7c82adb38677b1ce09d2d1029866	k__Fungi;p__Basidiomycota;c__Agaricomycetes;o__Polyporales;f__Meruliaceae	0.8
d86866c413fb722c49f7c992f5909d97	Unassigned	1.0
d97d12113422d80b29fe51adaa60b682	k__Fungi;p__Basidiomycota;c__Agaricomycetes;o__Agaricales;f__Tricholomataceae;g__Calyptella	0.9
dad215615de842860a954d91d5fd76fd	Unassigned	1.0
dbcb91ddab5ceed69457bc5a4fc26129	Unassigned	1.0
dd29e48d98e937b686e656fc929f3c46	k__Fungi;p__Ascomycota;c__Dothideomycetes;o__Pleosporales;f__Pleosporaceae	1.0
df0f6b867f93b5bbdcafb28f39891f0f	k__Fungi;p__Basidiomycota;c__Agaricomycetes;o__Hymenochaetales;f__Hymenochaetaceae	1.0
e0630d832b3e7662b04948eee50f513f	k__Fungi;p__Basidiomycota;c__Wallemiomycetes;o__Wallemiales;f__Wallemiaceae;g__Wallemia	1.0
e1d41a82b1924ee38a8f048ce36eff09	Unassigned	1.0
e40c02e0b1fa6b16d0c43c1561a3bd6f	k__Fungi;p__Ascomycota;c__Dothideomycetes;o__Pleosporales;f__Pleosporaceae	1.0
e54f30a301236ac1598c6db6024c602d	k__Fungi;p__Basidiomycota;c__Tremellomycetes;o__Filobasidiales;f__Filobasidiaceae;g__Naganishia	0.7
e58d0c2ccc332620438ead7e86dbc906	Unassigned	1.0
e6967fdffb9051e7341b20956bf6ba6b	k__Fungi;p__Basidiomycota;c__Tremellomycetes;o__Tremellales;f__Cuniculitremaceae;g__Kockovaella	0.7
e79525944b80d7c851f04037efa4fbdc	k__Fungi;p__Basidiomycota;c__Agaricomycetes;o__Cantharellales;f__Ceratobasidiaceae	0.9
e8f2afac3178389b9978603b61eac430	Unassigned	1.0
e9151553a320deb2c553cadfec67758b	Unassigned	1.0
e92e4a9ed888fc135488cc9d3a7ed410	k__Fungi;p__Ascomycota;c__Eurotiomycetes;o__Eurotiales;f__Aspergillaceae;g__Penicillium	0.692
e979824143f17bc1e06f078259ae8e9a	k__Fungi;p__Ascomycota;c__Eurotiomycetes;o__Onygenales;f__Nannizziopsiaceae;g__Nannizziopsis;s__Nannizziopsis_barbatae;sh__SH1676409.09FU	1.0
ea37ebea2101c40410896944d9646f5c	Unassigned	1.0
eb6a8e7b153a8deae7a77176c7454904	Unassigned	1.0
ec195c695009b69704cb112864d63d71	Unassigned	1.0
ee44be2bc7ae9fc3aa507724dedf1fa0	k__Fungi;p__Ascomycota;c__Eurotiomycetes;o__Eurotiales;f__Aspergillaceae;g__Penicillium	0.846
ee57b1fc28e013e4e49a48c33bb2e4b7	k__Fungi;p__Basidiomycota;c__Wallemiomycetes;o__Wallemiales;f__Wallemiaceae;g__Wallemia	1.0
ef1bb2a9563a642c1bad95cef00c773d	k__Fungi;p__Basidiomycota;c__Wallemiomycetes;o__Wallemiales;f__Wallemiaceae;g__Wallemia	1.0
ef342b43b221c3b2787f7c01a57ac2c7	k__Fungi;p__Ascomycota;c__Eurotiomycetes;o__Eurotiales;f__Aspergillaceae;g__Penicillium	0.846
ef579798e72c4dc517cacae5c54f6666	k__Fungi;p__Ascomycota;c__Pezizomycetes;o__Pezizales;f__Pezizaceae;g__Peziza;s__Peziza_sp	1.0
f26bdefd573398a35440df1de5ce171f	k__Fungi;p__Ascomycota;c__Saccharomycetes;o__Saccharomycetales;f__Trichomonascaceae;g__Trichomonascus;s__Trichomonascus_apis;sh__SH1097968.09FU	1.0
f297689cdf0c23d939c4175ce625d281	k__Fungi;p__Ascomycota;c__Dothideomycetes;o__Capnodiales;f__Cladosporiaceae;g__Cladosporium	0.667
f3ae4c13d9f60c7cf38ddf5d003fb29d	Unassigned	1.0
f3d55483cfba5913acf7f78ec2f460cb	Unassigned	1.0
f43319d2dfe953659228b684ce4fcb93	k__Fungi;p__Ascomycota	1.0
f440836fe645f862e52fa322d8e7b930	Unassigned	1.0
f4ac03548269e902d5e40afa5c43a7b2	k__Fungi;p__Ascomycota;c__Dothideomycetes;o__Pleosporales;f__Pleosporaceae	1.0
f4be221d301db9eaa0b6ee33c5df13cb	Unassigned	1.0
f5c41072210ad37daf8a3a63512c214e	Unassigned	1.0
f5d6745c17581936dc27736a03e9fba4	Unassigned	1.0
f6b5fa5f6adb94d2ac7076fd975f0d7a	Unassigned	1.0
f6fc8484b3cb5e4c2859536046cd7edb	Unassigned	1.0
f7625b570b248fec39d7aa3d1f4b2041	Unassigned	1.0
f82ec431bbeffac63f012a26ba1c3ead	Unassigned	1.0
f84d3682b9e62eea6a51c12d192d2313	k__Fungi;p__Ascomycota;c__Dothideomycetes;o__Pleosporales;f__Didymosphaeriaceae	0.571
f866141162ee12cd2f9bc0806cbb32dd	Unassigned	1.0
f984ce607146d46eac58869c144d07d3	k__Fungi;p__Ascomycota;c__Dothideomycetes;o__Pleosporales;f__Didymellaceae	0.667
fb31d0dbbedd1a945244dfd1a7c677b7	k__Fungi;p__Basidiomycota;c__Agaricomycetes;o__Agaricales;f__Hymenogastraceae;g__Gymnopilus	1.0
fc8482feb3f4a09dd938027bbc23f90e	Unassigned	1.0
fcb626905a640dce08cc29dc8767b118	k__Fungi;p__Ascomycota;c__Sordariomycetes;o__Hypocreales;f__Nectriaceae;g__Fusarium	0.583
fdc0d73f1b55a4b257d9be6aa75e0625	Unassigned	1.0
ff7e3bb4d52806906d2adce45d18c36c	k__Fungi;p__Ascomycota;c__Sordariomycetes;o__Hypocreales;f__Nectriaceae;g__Fusarium;s__Fusarium_oxysporum	0.545
